good,170309
taste,150558
coffee,137901
product,133350
great,130750
flavor,129639
food,108965
love,103762
find,68012
buy,67797
price,66872
best,63000
eat,60897
better,60746
dog,60014
well,55310
bag,49527
water,48582
chocolate,46157
bought,45282
drink,44597
cup,43848
box,43736
sugar,42774
sweet,42458
store,40656
day,40651
order,39646
tastes,38639
bit,38337
recommend,38285
favorite,36939
nice,34777
delicious,34676
flavors,34110
years,33456
dogs,33143
stuff,33110
brand,32928
loves,32104
mix,31921
treats,31757
cat,31392
lot,30975
free,30675
hot,30506
healthy,30098
quality,30048
snack,29527
ordered,29461
small,29113
chips,28968
eating,28760
ingredients,28123
bad,27813
milk,27581
perfect,27432
treat,26924
products,26567
thought,26067
regular,25935
buying,25793
fresh,25323
local,25280
easy,25238
bags,24818
cookies,24621
work,24539
pretty,24271
enjoy,23942
size,23894
definitely,23481
high,23149
cats,23140
going,22983
package,22815
happy,22721
tasty,22465
salt,22255
oil,21828
purchase,21355
organic,21330
feel,21295
tasted,21220
shipping,21209
purchased,21173
big,20918
wonderful,20758
people,20504
year,20273
texture,20102
stores,19802
sauce,19741
bars,19674
worth,19612
expensive,19598
tasting,19592
smell,19250
calories,19131
dry,19101
amount,18794
butter,18748
grocery,18607
brands,18487
morning,18463
chicken,18342
pack,18341
things,18277
diet,18187
natural,17937
family,17840
foods,17840
half,17757
months,17396
green,17391
reviews,17390
bottle,17301
days,17264
received,17239
excellent,17137
protein,17022
loved,16990
problem,16931
cereal,16442
case,16407
coconut,15952
candy,15925
money,15892
three,15838
rice,15702
company,15686
flavored,15667
fruit,15624
making,15602
husband,15434
fat,15382
arrived,15381
drinking,15326
highly,15212
kind,15198
kids,14920
health,14916
bar,14901
disappointed,14737
bitter,14657
item,14642
decided,14446
fact,14351
dark,14308
started,14189
review,14003
deal,13842
variety,13827
fine,13778
gluten,13724
couple,13674
peanut,13668
prefer,13500
packaging,13467
ago,13432
popcorn,13309
wanted,13302
beans,13233
vanilla,13147
teas,13107
absolutely,13089
smooth,13087
stars,12883
blend,12862
boxes,12791
cheaper,12787
cheese,12509
black,12285
open,12281
extra,12244
cost,12186
minutes,12181
longer,12103
works,12059
cups,12049
recommended,11944
corn,11872
ordering,11853
help,11800
month,11780
energy,11705
cream,11667
rich,11590
pieces,11554
house,11494
fan,11482
meal,11431
baby,11266
bread,11242
week,11208
soft,11170
cans,11105
cookie,11029
honey,10867
likes,10853
son,10828
mouth,10825
meat,10796
powder,10689
syrup,10675
oz,10658
save,10612
fast,10577
glad,10509
gift,10489
amazing,10484
juice,10333
serving,10287
breakfast,10196
http,10087
difference,10053
white,10041
friends,9961
pasta,9952
soup,9951
spicy,9918
opened,9907
plastic,9846
problems,9765
second,9729
online,9719
teeth,9617
weight,9518
feed,9516
type,9468
enjoyed,9434
daughter,9423
hair,9364
reason,9344
weeks,9306
version,9291
cold,9281
crunchy,9221
mixed,9165
canned,9133
brew,9116
chew,9109
salty,9086
easily,8928
bold,8881
machine,8873
smaller,8870
jerky,8818
start,8781
left,8774
snacks,8764
care,8747
night,8691
drinks,8686
cooking,8663
container,8661
life,8642
nuts,8627
plain,8581
wife,8569
surprised,8559
artificial,8531
alternative,8523
course,8504
pleased,8493
roast,8451
cut,8426
market,8406
amazon,8372
guess,8359
coffees,8298
friend,8268
beef,8252
picky,8228
potato,8213
exactly,8185
pet,8119
dried,8087
aroma,8051
recipe,8051
vet,8027
aftertaste,8021
wheat,8019
formula,7993
clean,7982
pay,7975
bowl,7960
ginger,7944
single,7929
close,7874
ingredient,7841
wrong,7836
cinnamon,7818
crackers,7799
flavorful,7782
looked,7768
smells,7735
noticed,7713
daily,7711
super,7613
jar,7581
hours,7552
stomach,7551
pods,7538
expected,7520
inside,7506
cook,7490
list,7484
mild,7474
feeding,7464
idea,7457
change,7456
choice,7443
live,7436
yummy,7420
experience,7402
needed,7373
awesome,7372
color,7363
packs,7348
chip,7290
oatmeal,7247
fiber,7246
compared,7223
huge,7191
bite,7188
helps,7175
stick,7123
caffeine,7114
bulk,7071
heat,7069
service,7067
continue,7053
simply,6991
larger,6985
excited,6961
delivery,6944
brown,6941
leave,6929
convenient,6889
weak,6861
packaged,6847
cake,6841
eaten,6772
bottles,6751
flour,6741
gum,6736
decaf,6718
cocoa,6710
cheap,6700
adding,6692
takes,6690
expect,6636
spice,6635
healthier,6622
leaves,6612
rest,6608
soda,6596
noodles,6578
completely,6572
told,6556
soy,6540
shipped,6528
stock,6522
extremely,6460
fish,6405
hope,6404
carry,6384
fantastic,6381
mind,6364
sold,6362
issues,6358
ground,6356
lemon,6354
filling,6352
seeds,6342
original,6326
lots,6322
iced,6319
instant,6311
waste,6291
items,6258
star,6258
packets,6257
eats,6236
entire,6229
packages,6223
chewy,6198
mine,6099
maker,6079
opinion,6058
label,6034
glass,5992
wait,5990
medium,5952
lunch,5937
granola,5931
purchasing,5929
sweetness,5898
packet,5888
grain,5865
sodium,5852
thick,5841
called,5819
finally,5801
stopped,5798
puppy,5796
delivered,5784
reading,5779
difficult,5772
raw,5771
easier,5743
content,5740
espresso,5740
hint,5734
sale,5703
calorie,5697
break,5687
true,5681
point,5671
almonds,5640
based,5622
pound,5614
pepper,5556
apple,5542
bottom,5512
orange,5511
discovered,5508
tiny,5492
varieties,5490
today,5440
dinner,5428
benefits,5417
baking,5411
worked,5396
batch,5395
decent,5384
grams,5369
training,5327
consistency,5318
addition,5297
creamy,5282
refreshing,5264
packed,5263
lower,5249
piece,5244
felt,5227
loose,5201
person,5152
liquid,5134
crunch,5130
broken,5115
subscribe,5084
stale,5083
throw,5067
thinking,5045
sweetener,5043
area,5035
toy,5034
recipes,5025
option,5023
seller,5015
locally,5015
salad,4976
remember,4968
set,4950
shipment,4949
brewed,4946
substitute,4939
description,4937
fun,4921
including,4920
pleasant,4911
customer,4885
finish,4879
combination,4853
matter,4850
finding,4848
stay,4840
sell,4840
feeling,4840
baked,4838
stronger,4809
olive,4798
dish,4795
turned,4795
satisfying,4792
spices,4772
simple,4766
bland,4759
sour,4756
wet,4751
supposed,4721
issue,4713
crazy,4699
totally,4661
pick,4654
reasonable,4640
licorice,4629
perfectly,4615
